idea_id,idea_comment_checkbox,idea_content,idea_attachment,user_id,category_id,academic_id,idea_date,idea_likes,idea_dislikes,idea_comment_count,"idea_view_count, dept_id"
39,,"Cleaning every week will help avoid allergies or other breathing problems. Avoid spreading germs: Keeping your house clean will stop the spread of germs and help keep you healthy. Cleaning up spills, vacuuming your carpets, and keeping your kitchen and bathroom clean will kill germs.",a.jpg,1,15,27,2022-02-28,1,0,3,121,1
40,anonymous,"General advice' is financial product advice that is prepared without considering a consumer's personal circumstances such as their objectives, financial situation and needs",gener-advice1.jpg,1,15,27,2022-02-28,0,1,0,4,1
51,,"Lorem Ipsum is simply dummy text of the printing and typesetting industry. Lorem Ipsum has been the industry's standard dummy text ever since the 1500s, when an unknown printer took a galley of type and scrambled it to make a type specimen book. It has survived not only five centuries, but also the leap into electronic typesetting, remaining essentially unchanged. It was popularised in the 1960s with the release of Letraset sheets containing Lorem Ipsum passages, and more recently with desktop publishing software like Aldus PageMaker including versions of Lorem Ipsum.",testing.jpg,1,14,27,2022-02-28,0,1,2,3,1
52,anonymous,"Testing 123Testing 123Testing 123Testing 123Testing 123Testing 123Testing 123Testing 123Testing 123Testing 123Testing 123",testing.jpg,1,16,27,2022-02-28,1,0,0,5,1
53,,"Financial advice must only be provided by qualified and licensed financial advisers or financial counsellors, not by individuals or corporations who neither hold an AFS licence, nor are authorised representatives of an AFS licensee.",image-asset.jpeg,4,16,27,2022-03-01,1,0,0,0,1
